22;
J0;95.36216223544973;104.01267494212962;115.78707620701056;H20;
J1;95.36216223544973;104.01267494212962;115.78707620701056;H20;
J2;102.03376308772246;101.37806279386122;92.4003333092833;J1;
J3;102.03376308772246;101.37806279386122;92.4003333092833;J2;
J4;102.03376308772246;101.37806279386122;92.4003333092833;J3;
H5;108.69170892857142;101.61399512987012;76.78270681818182;J4;
J6;115.1962092857143;95.68050071428573;75.60070785714285;H5;
H7;120.88928000000001;101.46796801587303;69.87621357142856;J6;
H8;119.05306541606541;109.71883053150553;69.00823456589707;H7;
J9;117.03337012987014;111.51733297258296;69.31102543290044;H8;
H10;105.68211038961039;91.71736363636363;71.37582467532468;J3;
J11;103.60454805194806;92.4220025974026;73.2051038961039;H10;
H12;106.66973214285716;91.22185267857142;72.75044196428571;J11;
J13;106.3838450176367;89.41304717813051;69.79006084656083;H12;
H14;103.1961917087542;98.08882933501684;97.238913510101;J2;
J15;108.47918055555556;99.75348888888888;122.49078333333334;H14;
H16;111.7376388888889;103.217625;141.45270833333336;J15;
J17;111.26751147637086;99.81972328192641;142.6140707972583;H16;
H18;96.30284220779221;106.29449642857143;124.79606964285715;J1;
J19;100.86977304743867;100.0728318452381;117.5316966765873;H18;
H20;87.57709821428571;99.91888616071428;132.9134575892857;J0;
J21;87.5876501541388;103.02138154269974;124.06743050636231;H20;
